Nro. ECheq,CUIT/CUIL/CDI Emisor,Emisor,CUIT/CUIL/CDI Endosante,Endosante,Carácter,F. de pago,Importe,Estado
40678380,30715449818,KRAG SRL,30526069974,-,A la orden,02/09/2026,"$ 664.165,00",PAGADO
01955111,20360368751,CARDENUTTO FEDERICO NICOLAS,30526069974,-,A la orden,07/09/2026,"$ 130.136,25",PAGADO
90018644,30712123512,Ricser Junin Srl,30526069974,-,A la orden,07/09/2026,"$ 491.025,00",PAGADO
08317541,30707292853,INGENIERIA Y EQUIPOS VIALES R.C. SRL,30526069974,-,A la orden,04/09/2026,"$ 274.000,00",PAGADO
68885041,30665144999,CASA VETRANO SOC. HEC.,30526069974,-,A la orden,31/08/2026,"$ 100.980,70",PAGADO
10565429,27322087409,"MARIA FLORENCIA,REPETTO",30526069974,-,No a la orden,31/08/2026,"$ 108.895,12",PAGADO
40678382,30715449818,KRAG SRL,-,-,A la orden,02/01/2027,"$ 664.165,00",ACTIVO
40678381,30715449818,KRAG SRL,-,-,A la orden,02/10/2026,"$ 664.165,00",ACTIVO
40678379,30715449818,KRAG SRL,-,-,A la orden,02/12/2026,"$ 664.165,00",ACTIVO
40678378,30715449818,KRAG SRL,-,-,A la orden,02/02/2027,"$ 664.165,00",ACTIVO
40678377,30715449818,KRAG SRL,-,-,A la orden,02/11/2026,"$ 664.165,00",ACTIVO
01955113,20360368751,CARDENUTTO FEDERICO NICOLAS,-,-,A la orden,28/09/2026,"$ 131.000,00",ACTIVO
00000848,20234554396,CAUDA SILVIO GERMAN,30526069974,-,A la orden,21/08/2026,"$ 652.000,00",PAGADO
08317543,30707292853,INGENIERIA Y EQUIPOS VIALES R.C. SRL,-,-,A la orden,06/11/2026,"$ 272.742,19",ACTIVO
08317542,30707292853,INGENIERIA Y EQUIPOS VIALES R.C. SRL,-,-,A la orden,02/10/2026,"$ 274.000,00",ACTIVO
90001514,30717254739,Emprendimientos Meat,30526069974,-,A la orden,21/08/2026,"$ 175.086,47",PAGADO
90000051,30716006707,Night Life Srl,30526069974,-,A la orden,19/08/2026,"$ 465.515,00",PAGADO
68797330,30665203758,ORESTE DURANTE S.A.,30526069974,-,A la orden,15/08/2026,"$ 2.523.966,85",PAGADO
09543003,30709523615,LA FABRICA SH,30526069974,-,No a la orden,14/08/2026,"$ 823.959,00",PAGADO
09661508,30716128284,SANGRE Y TIERRA SA,30526069974,-,A la orden,15/07/2026,"$ 611.767,00",DEVOLUCION-ACEPTADA
90018643,30712123512,Ricser Junin Srl,30526069974,-,A la orden,07/08/2026,"$ 491.025,00",PAGADO
68767497,30665144999,CASA VETRANO SOC. HEC.,-,-,A la orden,21/09/2026,"$ 100.980,70",ANULADO
68797351,30665203758,ORESTE DURANTE S.A.,-,-,A la orden,15/09/2026,"$ 2.523.966,85",ACTIVO
68797387,30665203758,ORESTE DURANTE S.A.,-,-,A la orden,15/10/2026,"$ 2.523.966,87",ACTIVO
09661507,30716128284,SANGRE Y TIERRA SA,30526069974,-,A la orden,15/06/2026,"$ 611.767,00",DEVOLUCION-ACEPTADA
90019406,20227386321,MANGINO SEBASTIAN ADOLFO,30526069974,-,A la orden,02/08/2026,"$ 171.253,33",PAGADO
10565428,27322087409,"MARIA FLORENCIA,REPETTO",30526069974,-,No a la orden,31/07/2026,"$ 108.895,12",PAGADO
90001513,30717254739,Emprendimientos Meat,30526069974,-,A la orden,23/07/2026,"$ 175.086,47",PAGADO
10565430,27322087409,"MARIA FLORENCIA,REPETTO",-,-,No a la orden,30/09/2026,"$ 108.895,12",ACTIVO
10565431,27322087409,"MARIA FLORENCIA,REPETTO",-,-,No a la orden,31/10/2026,"$ 108.895,12",ACTIVO
10565432,27322087409,"MARIA FLORENCIA,REPETTO",-,-,No a la orden,30/11/2026,"$ 108.895,12",ACTIVO
10565433,27322087409,"MARIA FLORENCIA,REPETTO",-,-,No a la orden,31/12/2026,"$ 108.895,12",ACTIVO
90000050,30716006707,Night Life Srl,30526069974,-,A la orden,19/07/2026,"$ 465.515,00",PAGADO
00000847,20234554396,CAUDA SILVIO GERMAN,30526069974,-,A la orden,17/07/2026,"$ 652.000,00",PAGADO
09543002,30709523615,LA FABRICA SH,30526069974,-,No a la orden,10/07/2026,"$ 700.000,00",PAGADO
90018645,30712123512,Ricser Junin Srl,-,-,A la orden,07/10/2026,"$ 491.025,00",ACTIVO
90019405,20227386321,MANGINO SEBASTIAN ADOLFO,30526069974,-,A la orden,02/07/2026,"$ 171.253,33",PAGADO
90001512,30717254739,Emprendimientos Meat,30526069974,-,A la orden,23/06/2026,"$ 175.086,47",PAGADO
00000846,20234554396,CAUDA SILVIO GERMAN,30526069974,-,A la orden,19/06/2026,"$ 652.000,00",PAGADO
90000052,30716006707,Night Life Srl,-,-,A la orden,19/09/2026,"$ 465.515,00",ACTIVO
90000053,30716006707,Night Life Srl,-,-,A la orden,19/10/2026,"$ 465.515,00",ACTIVO
90000054,30716006707,Night Life Srl,-,-,A la orden,19/11/2026,"$ 465.515,00",ACTIVO
90000055,30716006707,Night Life Srl,-,-,A la orden,19/12/2026,"$ 465.515,00",ACTIVO
09543001,30709523615,LA FABRICA SH,30526069974,-,No a la orden,12/06/2026,"$ 700.000,00",PAGADO
90019404,20227386321,MANGINO SEBASTIAN ADOLFO,30526069974,-,A la orden,09/06/2026,"$ 171.253,33",PAGADO
09661506,30716128284,SANGRE Y TIERRA SA,30526069974,-,A la orden,15/05/2026,"$ 611.767,00",PAGADO
00000175,23178650424,SEBASTIAN ALBERTO FALCONE,30526069974,-,A la orden,16/04/2026,"$ 199.000,00",PAGADO
00000043,20230526916,MAURICIO FABIAN CERDAN,30526069974,-,A la orden,08/04/2026,"$ 290.000,00",PAGADO
00000174,23178650424,SEBASTIAN ALBERTO FALCONE,30526069974,-,A la orden,16/03/2026,"$ 199.000,00",PAGADO
01453119,30715159585,LOGISTICA GORMET SA,-,-,A la orden,02/10/2025,"$ 102.345,99",CADUCADO
